<?xml version="1.0" encoding="UTF-8"?>
	<root>
	<mode name="ArenaMode" modeid="380" realversion="151.1" prev_version="149.1"/>
	<mode name="ChessPlayerRes" modeid="0" realversion="229.1" prev_version="227.1"/>
	<mode name="CloneImbaMode" modeid="360" realversion="169.1" prev_version="167.1"/>
	<mode name="CloneImbaOneRoadMode" modeid="390" realversion="149.1" prev_version="147.1"/>
	<mode name="CloneMode" modeid="220" realversion="153.1" prev_version="151.1"/>
	<mode name="CommonRes" modeid="0" realversion="123.1" prev_version="121.1"/>
	<mode name="CustomRoomMode" modeid="999" realversion="17.1" prev_version="15.1"/>
	<mode name="DayBreakMode" modeid="400" realversion="133.1" prev_version="131.1"/>
	<mode name="DeathRacingMode" modeid="230" realversion="153.1" prev_version="151.1"/>
	<mode name="DefenceMode" modeid="320" realversion="157.1" prev_version="155.1"/>
	<mode name="DisOrderMode" modeid="130" realversion="55.1" prev_version="53.1"/>
	<mode name="EvolutionMode" modeid="270" realversion="151.1" prev_version="149.1"/>
	<mode name="HotHeroMode" modeid="420" realversion="83.1" prev_version="81.1"/>
	<mode name="ImbaMode" modeid="260" realversion="169.1" prev_version="167.1"/>
	<mode name="Imbaskill1_Mode" modeid="1006" realversion="17.1" prev_version="15.1"/>
	<mode name="MagicChess" modeid="340" realversion="237.1" prev_version="235.1"/>
	<mode name="Mapmode1_Win1_Mode" modeid="1000" realversion="17.1" prev_version="15.1"/>
	<mode name="Mapmode2_Win1_Mode" modeid="1001" realversion="17.1" prev_version="15.1"/>
	<mode name="Mapmode3_Win1_Mode" modeid="1002" realversion="17.1" prev_version="15.1"/>
	<mode name="Mapmode4_Win1_Mode" modeid="1003" realversion="17.1" prev_version="15.1"/>
	<mode name="Mapmode5_Win1_Mode" modeid="1004" realversion="17.1" prev_version="15.1"/>
	<mode name="Mapmode6_Win1_Mode" modeid="1005" realversion="17.1" prev_version="15.1"/>
	<mode name="MonsterRes" modeid="0" realversion="149.1" prev_version="147.1"/>
	<mode name="OverDriveHeroMode" modeid="440" realversion="23.1" prev_version="21.1"/>
	<mode name="PartyMode" modeid="410" realversion="87.1" prev_version="85.1"/>
	<mode name="ResHotFix" modeid="0" realversion="111.1" prev_version="109.1"/>
	<mode name="ScrambleMode" modeid="280" realversion="161.1" prev_version="159.1"/>
	<mode name="SurvivalMode" modeid="200" realversion="89.1" prev_version="87.1"/>
	<mode name="ThemeParkMode" modeid="500" realversion="59.1" prev_version="57.1"/>
	</root>
